[
  {
    "holiday": "REPUBLIC_DAY",
    "basicEmployeeDetails": {
      "name": "Deepti Kapoor",
      "empId": "R122",
      "salesForceId": "1711",
      "emailId": "deepti.kapoor@reval.com"
    },
    "subMenuAttendanceOfDate": {
      "currentDate": "2016-01-26",
      "attendanceStatusType": "PUBLIC_HOLIDAY",
      "leaveTypeForThisDate": "NO_LEAVE",
      "checkIn": "08:42",
      "checkOut": "12:48",
      "workTimeForDay": "04:06"
    }
  },
  {
    "holiday": "NEW_YEAR_DAY",
    "basicEmployeeDetails": {
      "name": "Abhishek Maiti",
      "empId": "R14",
      "salesForceId": "244",
      "emailId": "abhishek.maiti@reval.com"
    },
    "subMenuAttendanceOfDate": {
      "currentDate": "2016-01-01",
      "attendanceStatusType": "PUBLIC_HOLIDAY",
      "leaveTypeForThisDate": "NO_LEAVE",
      "checkIn": "11:22",
      "checkOut": "17:58",
      "workTimeForDay": "06:36"
    }
  },
  {
    "holiday": "NEW_YEAR_DAY",
    "basicEmployeeDetails": {
      "name": "Aayushi Dhawan",
      "empId": "R73",
      "salesForceId": "240",
      "emailId": "aayushi.dhawan@reval.com"
    },
    "subMenuAttendanceOfDate": {
      "currentDate": "2016-01-01",
      "attendanceStatusType": "PUBLIC_HOLIDAY",
      "leaveTypeForThisDate": "NO_LEAVE",
      "checkIn": "10:41",
      "checkOut": "18:44",
      "workTimeForDay": "08:03"
    }
  },
  {
    "holiday": "REPUBLIC_DAY",
    "basicEmployeeDetails": {
      "name": "Aayushi Dhawan",
      "empId": "R73",
      "salesForceId": "240",
      "emailId": "aayushi.dhawan@reval.com"
    },
    "subMenuAttendanceOfDate": {
      "currentDate": "2016-01-26",
      "attendanceStatusType": "PUBLIC_HOLIDAY",
      "leaveTypeForThisDate": "NO_LEAVE",
      "checkIn": "10:41",
      "checkOut": "18:44",
      "workTimeForDay": "08:03"
    }
  }
]